text,status,naer_general_rank,written_per_million,spoken_per_million,provenance_ids
的,provisional,1,63507.43920889973,63558.0795243436,naer:coct-general-frequency
是,provisional,2,18347.01754266865,31103.07163015227,naer:coct-general-frequency
一,provisional,3,14495.08486210656,17168.79308915701,naer:coct-general-frequency
個,provisional,4,9100.84431661916,25784.73637688493,naer:coct-general-frequency
在,provisional,5,12620.85127836898,11892.11360974347,naer:coct-general-frequency
我,provisional,6,11139.62149336243,16568.63096000657,naer:coct-general-frequency
有,provisional,7,8623.43485931467,13615.29288535801,naer:coct-general-frequency
就,provisional,8,6802.577602161922,18464.25012828618,naer:coct-general-frequency
了,provisional,9,12682.90597237028,11789.38146476618,naer:coct-general-frequency
這,provisional,10,7822.142854463123,17101.33700492078,naer:coct-general-frequency
不,provisional,11,8984.00395457244,8836.793944601479,naer:coct-general-frequency
他,provisional,12,9212.221991765118,7550.765746175702,naer:coct-general-frequency
也,provisional,13,6279.390352231947,7451.082728789062,naer:coct-general-frequency
我們,provisional,14,3641.238117192062,14266.35199044469,naer:coct-general-frequency
你,provisional,15,5420.21609809763,10214.85888660965,naer:coct-general-frequency
都,provisional,16,4454.015262453422,7267.196880245232,naer:coct-general-frequency
說,provisional,17,5072.017447885481,5941.530023141002,naer:coct-general-frequency
會,provisional,18,4016.400844024826,7661.331803578203,naer:coct-general-frequency
要,provisional,19,3336.260595096616,8210.362408516205,naer:coct-general-frequency
人,provisional,20,6107.379234473112,3835.098864209353,naer:coct-general-frequency
那,provisional,21,2850.927065805269,10546.69778778288,naer:coct-general-frequency
對,provisional,22,3497.552777803086,6593.058224780091,naer:coct-general-frequency
很,provisional,23,2818.405022861206,7110.37790277533,naer:coct-general-frequency
上,provisional,24,4875.571128183199,3212.467010198581,naer:coct-general-frequency
來,provisional,25,2931.664466605247,6032.018748100451,naer:coct-general-frequency
與,provisional,26,3819.128769325917,839.3075515679013,naer:coct-general-frequency
和,provisional,27,5284.35558129688,1321.116620545876,naer:coct-general-frequency
她,provisional,28,3854.072497596625,2790.561570963073,naer:coct-general-frequency
好,provisional,29,1760.215874587983,6208.53978077148,naer:coct-general-frequency
還,provisional,30,2441.813104688127,3659.281476366939,naer:coct-general-frequency
它,provisional,31,1215.396225731959,7077.869511693475,naer:coct-general-frequency
可以,provisional,32,2212.777252450711,5035.798399752167,naer:coct-general-frequency
中,provisional,33,4000.540790123272,1151.209849263797,naer:coct-general-frequency
讓,provisional,34,2066.046941511675,2817.534622726517,naer:coct-general-frequency
年,provisional,35,2027.50244505856,1945.906318697724,naer:coct-general-frequency
到,provisional,36,2124.87404506943,2934.24584496556,naer:coct-general-frequency
為,provisional,37,2958.485624091831,981.0216200502748,naer:coct-general-frequency
沒有,provisional,38,2329.986822260346,3543.226989301268,naer:coct-general-frequency
著,provisional,39,3982.052612145915,1538.16759534493,naer:coct-general-frequency
因為,provisional,40,1605.045394789196,4671.451107497087,naer:coct-general-frequency
所以,provisional,41,858.6383073816999,5888.428293408449,naer:coct-general-frequency
大,provisional,42,2065.8127129309,2230.647926009213,naer:coct-general-frequency
去,provisional,43,1897.52940258472,4298.847715919631,naer:coct-general-frequency
自己,provisional,44,2947.060033321199,2486.258637416182,naer:coct-general-frequency
把,provisional,45,2429.565728896813,3364.782660765369,naer:coct-general-frequency
他們,provisional,46,2691.187143693418,3211.575726749007,naer:coct-general-frequency
種,provisional,47,2777.808048844361,2964.408753285376,naer:coct-general-frequency
做,provisional,48,1624.744415429875,4005.47473204384,naer:coct-general-frequency
但,provisional,49,2212.030896972991,629.1053864339998,naer:coct-general-frequency
而,provisional,50,3612.20171312799,1119.123645079109,naer:coct-general-frequency
看,provisional,51,1748.448865886054,3452.222258134169,naer:coct-general-frequency
跟,provisional,52,1023.042951229302,4448.677154758659,naer:coct-general-frequency
將,provisional,53,1764.940145962914,459.2924344624034,naer:coct-general-frequency
最,provisional,54,1647.162869593099,1936.993484201977,naer:coct-general-frequency
以,provisional,55,2130.916348458207,707.0223237889229,naer:coct-general-frequency
能,provisional,56,2299.072619574137,988.855532475484,naer:coct-general-frequency
之,provisional,57,3462.422460662947,523.7463007632248,naer:coct-general-frequency
兩,provisional,58,2038.010971385823,1657.552667932696,naer:coct-general-frequency
後,provisional,59,1667.739254917693,539.0388483717167,naer:coct-general-frequency
從,provisional,60,1886.786647676684,1824.22267300316,naer:coct-general-frequency
被,provisional,61,2133.802520970455,1041.816533242316,naer:coct-general-frequency
什麼,provisional,62,1699.594341902943,3158.427087361212,naer:coct-general-frequency
時候,provisional,63,792.6771570502037,4225.574834433543,naer:coct-general-frequency
時,provisional,64,2464.430057648616,338.7346204936181,naer:coct-general-frequency
得,provisional,65,2270.913580193981,1622.745703744042,naer:coct-general-frequency
地,provisional,66,2987.3552891662,684.9278761705191,naer:coct-general-frequency
等,provisional,67,1280.571320826281,356.4664701746301,naer:coct-general-frequency
這樣,provisional,68,1107.420819971139,3355.166181441011,naer:coct-general-frequency
又,provisional,69,2095.603412424583,1530.662050506406,naer:coct-general-frequency
再,provisional,70,1267.323511096748,1982.026753233119,naer:coct-general-frequency
每,provisional,71,1268.057956646632,1651.407503096154,naer:coct-general-frequency
多,provisional,72,1252.801339088767,1304.885879832568,naer:coct-general-frequency
用,provisional,73,1479.415505999537,2279.340148149135,naer:coct-general-frequency
次,provisional,74,1312.728125983376,1435.341631057156,naer:coct-general-frequency
才,provisional,75,1558.695925627582,1503.501360121999,naer:coct-general-frequency
然後,provisional,76,573.2605565282988,3994.591692027981,naer:coct-general-frequency
更,provisional,77,1415.224964939654,1180.903661031206,naer:coct-general-frequency
想,provisional,78,1774.329139073597,1698.223339026446,naer:coct-general-frequency
並,provisional,79,1744.713118521508,391.0388860870794,naer:coct-general-frequency
及,provisional,80,1203.101210229302,119.6196208639698,naer:coct-general-frequency
其實,provisional,81,391.7413463804211,3455.318295380061,naer:coct-general-frequency
台灣,provisional,82,502.7458437875206,879.5091261092433,naer:coct-general-frequency
裡,provisional,83,2062.374713762253,1255.490012864035,naer:coct-general-frequency
覺得,provisional,84,724.9493674230403,2959.483239485095,naer:coct-general-frequency
現在,provisional,85,804.7736737555948,2589.647517566845,naer:coct-general-frequency
天,provisional,86,1300.139332260765,1351.654806107618,naer:coct-general-frequency
只,provisional,87,1709.555011549751,859.0565164242665,naer:coct-general-frequency
或,provisional,88,1886.397590034042,471.3482158592819,naer:coct-general-frequency
過,provisional,89,1614.632886697144,1269.046903228618,naer:coct-general-frequency
像,provisional,90,1131.347864993584,2150.620054168455,naer:coct-general-frequency
前,provisional,91,1068.578575322125,594.8613381082358,naer:coct-general-frequency
可能,provisional,92,1067.919559315202,1792.933932957565,naer:coct-general-frequency
所,provisional,93,2081.430598299791,748.7719169532104,naer:coct-general-frequency
月,provisional,94,588.6997929796494,327.8984901329996,naer:coct-general-frequency
小,provisional,95,1239.700418469209,1308.0288267337,naer:coct-general-frequency
知道,provisional,96,1357.854842553831,1782.473079838873,naer:coct-general-frequency
可,provisional,97,1200.433386394047,236.5184817239749,naer:coct-general-frequency
啊,provisional,98,530.6984444185205,2871.433816598165,naer:coct-general-frequency
下,provisional,99,1294.648855528387,856.5233950412648,naer:coct-general-frequency
沒,provisional,100,1195.312117424583,1176.634882404296,naer:coct-general-frequency
表示,provisional,101,294.6119149022158,164.0899740322222,naer:coct-general-frequency
如果,provisional,102,1107.579619008952,1748.510489444554,naer:coct-general-frequency
家,provisional,103,932.1185921536323,1265.52867908556,naer:coct-general-frequency
嗎,provisional,104,984.9788218655716,1973.160828392613,naer:coct-general-frequency
比較,provisional,105,441.3858955766509,2556.247843035415,naer:coct-general-frequency
這些,provisional,106,1175.581336976342,1607.781523722236,naer:coct-general-frequency
問題,provisional,107,1100.151794015257,1136.480217518195,naer:coct-general-frequency
新,provisional,108,830.6221871355748,470.4569324097072,naer:coct-general-frequency
開始,provisional,109,969.5316454623303,1522.312131873549,naer:coct-general-frequency
者,provisional,110,1673.670398980002,308.1495252766344,naer:coct-general-frequency
給,provisional,111,948.355793769992,1475.824663529943,naer:coct-general-frequency
卻,provisional,112,1315.840587124507,435.6499682210541,naer:coct-general-frequency
各,provisional,113,954.5568961965823,602.7421601886856,naer:coct-general-frequency
大家,provisional,114,414.6560475368096,2050.139572642721,naer:coct-general-frequency
三,provisional,115,1203.140909988755,774.4784080251538,naer:coct-general-frequency
但是,provisional,116,857.7688826496747,1895.056252416727,naer:coct-general-frequency
位,provisional,117,1126.893551982934,935.9414413638926,naer:coct-general-frequency
呢,provisional,118,811.3122241375371,1977.570335985245,naer:coct-general-frequency
已,provisional,119,850.6943855151139,85.51630150392823,naer:coct-general-frequency
很多,provisional,120,435.5143011535222,2070.310724396253,naer:coct-general-frequency
全,provisional,121,696.8022379707197,539.6486738898467,naer:coct-general-frequency
一些,provisional,122,618.323753483629,2091.373159599359,naer:coct-general-frequency
非常,provisional,123,600.8558593242201,1885.064495850442,naer:coct-general-frequency
已經,provisional,124,968.8726294554073,1439.751138649789,naer:coct-general-frequency
吃,provisional,125,557.1503941421894,1733.171032180821,naer:coct-general-frequency
元,provisional,126,237.1743029253224,61.96765457306046,naer:coct-general-frequency
時間,provisional,127,839.6618223630692,1021.129375281136,naer:coct-general-frequency
事,provisional,128,1519.567842710506,530.6420200836184,naer:coct-general-frequency
於,provisional,129,1291.619763882107,202.0867947772479,naer:coct-general-frequency
工作,provisional,130,868.4004782312422,938.2400144706903,naer:coct-general-frequency
看到,provisional,131,624.1715280510857,1548.253171221696,naer:coct-general-frequency
日,provisional,132,367.591982705038,57.37050835946475,naer:coct-general-frequency
當,provisional,133,1037.187975522478,882.1829764579674,naer:coct-general-frequency
地方,provisional,134,550.4490747464888,1449.039250387462,naer:coct-general-frequency
真的,provisional,135,345.1179488785801,1872.539617901156,naer:coct-general-frequency
孩子,provisional,136,942.5834487454964,957.8482503613333,naer:coct-general-frequency
裡面,provisional,137,160.1210398026017,2221.922730134429,naer:coct-general-frequency
則,provisional,138,1003.772687990718,165.1688961027599,naer:coct-general-frequency
生活,provisional,139,837.863423259839,926.9816972129049,naer:coct-general-frequency
希望,provisional,140,470.1761611321134,845.4058067492018,naer:coct-general-frequency
一樣,provisional,141,745.4265033490022,1305.495705350698,naer:coct-general-frequency
內,provisional,142,722.8452801720207,279.0655390273555,naer:coct-general-frequency
第一,provisional,143,654.5378740568406,885.9826585324699,naer:coct-general-frequency
由,provisional,144,809.4820652267446,248.9026307075388,naer:coct-general-frequency
不會,provisional,145,684.6382316742587,1025.820340805213,naer:coct-general-frequency
還是,provisional,146,605.7945094001983,1224.342001784162,naer:coct-general-frequency
講,provisional,147,276.2507761551096,1789.931715022155,naer:coct-general-frequency
歲,provisional,148,513.7148873244405,514.0829117836256,naer:coct-general-frequency
太,provisional,149,714.4606909755043,963.4304993349851,naer:coct-general-frequency
之後,provisional,150,742.1790630257303,1141.546460284198,naer:coct-general-frequency
此,provisional,151,1111.311396397552,74.25798424614284,naer:coct-general-frequency
東西,provisional,152,552.3427532724064,1461.470309026267,naer:coct-general-frequency
發現,provisional,153,692.5186339257193,681.5034713379426,naer:coct-general-frequency
可是,provisional,154,431.0798380225994,1612.144121659628,naer:coct-general-frequency
先,provisional,155,530.9128231195677,997.3461800740637,naer:coct-general-frequency
老師,provisional,156,345.4077571225884,1353.625011627731,naer:coct-general-frequency
怎麼,provisional,157,561.5927972250026,1313.188888810185,naer:coct-general-frequency
名,provisional,158,537.7888214568625,171.1733319735788,naer:coct-general-frequency
幾,provisional,159,890.8983319133722,647.5408809436234,naer:coct-general-frequency
高,provisional,160,506.8388889871458,592.1405781042711,naer:coct-general-frequency
妳,provisional,161,547.7415511517803,1352.921366799119,naer:coct-general-frequency
應該,provisional,162,651.4293828916548,1014.890391134113,naer:coct-general-frequency
向,provisional,163,912.0146339665306,162.0259492016282,naer:coct-general-frequency
認為,provisional,164,758.960151346599,288.7289280069546,naer:coct-general-frequency
因,provisional,165,459.8740735540072,59.57526215578106,naer:coct-general-frequency
重要,provisional,166,611.1341270466543,814.9614404979402,naer:coct-general-frequency
而且,provisional,167,684.1777144646013,1036.281193923905,naer:coct-general-frequency
學生,provisional,168,453.672971127417,313.4503163188417,naer:coct-general-frequency
你們,provisional,169,400.268854710969,1381.207888909305,naer:coct-general-frequency
媽媽,provisional,170,270.8198490619116,1187.236464488711,naer:coct-general-frequency
美國,provisional,171,569.9297467101752,283.8034142066736,naer:coct-general-frequency
其,provisional,172,1200.747014493727,55.54103180507462,naer:coct-general-frequency
需要,provisional,173,658.8572078853489,718.8904665648382,naer:coct-general-frequency
今天,provisional,174,272.1617009314298,1263.886841152133,naer:coct-general-frequency
本,provisional,175,750.1785645555507,339.2506267012666,naer:coct-general-frequency
一定,provisional,176,545.8439026499173,901.0875675199986,naer:coct-general-frequency
比,provisional,177,670.5329071405357,447.8933882388957,naer:coct-general-frequency
中國,provisional,178,829.967141104597,230.7016844741191,naer:coct-general-frequency
政府,provisional,179,362.8161016428177,268.4639569429409,naer:coct-general-frequency
水,provisional,180,337.4558953041119,931.7195723922232,naer:coct-general-frequency
社會,provisional,181,694.2336635340976,356.9824763822786,naer:coct-general-frequency
世界,provisional,182,649.3610254241428,491.2379096813694,naer:coct-general-frequency
至,provisional,183,397.2715228722522,49.58350558949653,naer:coct-general-frequency
今年,provisional,184,40.12057690340647,217.520071351462,naer:coct-general-frequency
的話,provisional,185,287.0967504377246,1331.71820263029,naer:coct-general-frequency
活動,provisional,186,337.0509577576893,328.9774122035374,naer:coct-general-frequency
公司,provisional,187,657.0230789986108,153.3476629820852,naer:coct-general-frequency
不過,provisional,188,635.1167517323338,590.311101549881,naer:coct-general-frequency
成為,provisional,189,568.4013059712271,298.8614135389615,naer:coct-general-frequency
一直,provisional,190,469.0288380839157,873.6454192041467,naer:coct-general-frequency
不要,provisional,191,392.483731882196,932.1886689446308,naer:coct-general-frequency
民眾,provisional,192,67.27918234534229,193.3615989024642,naer:coct-general-frequency
其他,provisional,193,735.6166927881159,379.5929302083308,naer:coct-general-frequency
不同,provisional,194,628.3995524328519,502.5431365943956,naer:coct-general-frequency
一下,provisional,195,321.6593610176827,1196.055479673976,naer:coct-general-frequency
書,provisional,196,683.2963798047404,459.1047958414403,naer:coct-general-frequency
吧,provisional,197,731.4918877809282,713.3551272464273,naer:coct-general-frequency
關係,provisional,198,642.6001563892625,466.0943344723154,naer:coct-general-frequency
喔,provisional,199,95.91461883893726,1438.953674510696,naer:coct-general-frequency
能夠,provisional,200,379.1287328021386,1014.74966216839,naer:coct-general-frequency
曾,provisional,201,519.832620256179,95.74260634641665,naer:coct-general-frequency
們,provisional,202,556.848675970345,553.2055642544299,naer:coct-general-frequency
不能,provisional,203,642.8065951384191,496.2103331368914,naer:coct-general-frequency
事情,provisional,204,438.9403903943335,982.5227290179796,naer:coct-general-frequency
最後,provisional,205,521.3253312116193,451.0363351400274,naer:coct-general-frequency
無,provisional,206,618.2562638925586,176.6617616367492,naer:coct-general-frequency
整,provisional,207,410.2454042615589,823.3582687860387,naer:coct-general-frequency
心,provisional,208,707.4457434801235,508.1253855680475,naer:coct-general-frequency
發展,provisional,209,462.7562760903097,267.3850348724031,naer:coct-general-frequency
該,provisional,210,576.571516466696,193.6430568339088,naer:coct-general-frequency
國家,provisional,211,429.5037575723073,361.6734419063558,naer:coct-general-frequency
愛,provisional,212,485.2858895800022,501.2296662476541,naer:coct-general-frequency
因此,provisional,213,655.0261810981148,247.4484313950749,naer:coct-general-frequency
方式,provisional,214,526.8952074629037,511.0806938482162,naer:coct-general-frequency
帶,provisional,215,416.0137793101091,637.2676664458943,naer:coct-general-frequency
一點,provisional,216,358.8103959139896,976.7997510786056,naer:coct-general-frequency
許多,provisional,217,611.4517251222798,274.8905797109268,naer:coct-general-frequency
這麼,provisional,218,458.0161248115974,862.3871019463612,naer:coct-general-frequency
必須,provisional,219,673.3515900617131,376.3561639967176,naer:coct-general-frequency
件,provisional,220,551.8782660868039,504.5602517697488,naer:coct-general-frequency
那麼,provisional,221,487.9021037279682,852.6768033115213,naer:coct-general-frequency
一起,provisional,222,313.9814275394334,759.8425955900328,naer:coct-general-frequency
為什麼,provisional,223,395.8145417003197,960.2875524338536,naer:coct-general-frequency
雖然,provisional,224,539.6666200789989,482.1374365646597,naer:coct-general-frequency
發生,provisional,225,510.2967380355197,458.1666027366248,naer:coct-general-frequency
特別,provisional,226,355.4041565529048,639.8476974841367,naer:coct-general-frequency
起,provisional,227,381.240760005049,171.0795126630973,naer:coct-general-frequency
請,provisional,228,457.7342565194796,571.1719622116458,naer:coct-general-frequency
啦,provisional,229,203.624036211421,1117.716355421886,naer:coct-general-frequency
走,provisional,230,503.2976704439202,575.3469215280745,naer:coct-general-frequency
未,provisional,231,400.9239007419468,35.93279591443172,naer:coct-general-frequency
二,provisional,232,569.6597883458934,141.432610550929,naer:coct-general-frequency
影響,provisional,233,377.4534029532135,431.6157378703476,naer:coct-general-frequency
環境,provisional,234,279.3394174405688,637.8305823087835,naer:coct-general-frequency
文化,provisional,235,454.2883173989417,280.2851900636156,naer:coct-general-frequency
甚至,provisional,236,478.1915425657149,390.1945122927455,naer:coct-general-frequency
這樣子,provisional,237,13.45821845463565,1361.224375776736,naer:coct-general-frequency
當然,provisional,238,401.4002978553853,818.2920260200352,naer:coct-general-frequency
大陸,provisional,239,105.8673485338551,121.8712843155269,naer:coct-general-frequency
問,provisional,240,646.4351531524418,491.941554509981,naer:coct-general-frequency
這裡,provisional,241,384.4604104967037,880.4473192140587,naer:coct-general-frequency
喜歡,provisional,242,449.7903346528938,647.2125133569381,naer:coct-general-frequency
如,provisional,243,754.2914596349024,77.54166011299692,naer:coct-general-frequency
仍,provisional,244,363.3004387081468,37.8560917793034,naer:coct-general-frequency
大學,provisional,245,330.0915899255428,228.5907499882843,naer:coct-general-frequency
研究,provisional,246,712.8171209341417,315.8427087361212,naer:coct-general-frequency
以及,provisional,247,612.2973299986329,268.2763183219778,naer:coct-general-frequency
目前,provisional,248,181.9400275980817,294.3580866358473,naer:coct-general-frequency
部分,provisional,249,325.5261175884246,558.5063552966371,naer:coct-general-frequency
外,provisional,250,430.9210389847866,152.5971084982329,naer:coct-general-frequency
無法,provisional,251,595.1629138186307,141.4795202061698,naer:coct-general-frequency
點,provisional,252,469.0605978914783,302.0981797505748,naer:coct-general-frequency
快,provisional,253,455.5745896052254,510.3301393643638,naer:coct-general-frequency
話,provisional,254,580.2993238793517,568.1697442762363,naer:coct-general-frequency
四,provisional,255,540.671023993165,344.3637791225108,naer:coct-general-frequency
手,provisional,256,576.7184055766727,402.5317516210687,naer:coct-general-frequency
使用,provisional,257,390.3796446311762,356.888657071797,naer:coct-general-frequency
日本,provisional,258,405.9141605052144,229.2943948168959,naer:coct-general-frequency
所有,provisional,259,567.3492623457172,407.4572654213498,naer:coct-general-frequency
以後,provisional,260,281.6340635369639,888.9848764678792,naer:coct-general-frequency
透過,provisional,261,240.9894498087752,362.1894481140043,naer:coct-general-frequency
未來,provisional,262,212.3857731227428,249.0902693285019,naer:coct-general-frequency
見,provisional,263,704.4563515932973,163.714696790296,naer:coct-general-frequency
昨天,provisional,264,47.36578300361592,68.11281940960164,naer:coct-general-frequency
只要,provisional,265,371.8517668943666,480.1203213893064,naer:coct-general-frequency
台,provisional,266,113.6723212423547,117.6494153438574,naer:coct-general-frequency
正,provisional,267,687.0162472655054,152.9723857401591,naer:coct-general-frequency
進行,provisional,268,396.6085368893837,231.8744258551384,naer:coct-general-frequency
學校,provisional,269,292.420488180399,422.9843613060455,naer:coct-general-frequency
除了,provisional,270,276.5048546156102,475.7577234519146,naer:coct-general-frequency
找,provisional,271,426.1927976339102,485.7025703629583,naer:coct-general-frequency
叫,provisional,272,441.127847140205,653.3576781934793,naer:coct-general-frequency
如何,provisional,273,579.2631601576231,291.2151397347156,naer:coct-general-frequency
包括,provisional,274,292.6864765687355,280.8950155817456,naer:coct-general-frequency
經濟,provisional,275,326.9672188565759,231.9682451656199,naer:coct-general-frequency
分,provisional,276,241.7834449978392,298.5330459522761,naer:coct-general-frequency
另,provisional,277,525.2159076380333,92.74038841100719,naer:coct-general-frequency
當時,provisional,278,458.7982100728255,355.1529998278885,naer:coct-general-frequency
長,provisional,279,419.0468409323337,446.0639116845056,naer:coct-general-frequency
好像,provisional,280,263.0625160647558,853.9902736582629,naer:coct-general-frequency
出現,provisional,281,493.1782017592988,267.619583148607,naer:coct-general-frequency
造成,provisional,282,248.9095518196891,466.5634310247231,naer:coct-general-frequency
過程,provisional,283,346.6463896175284,529.1409111159136,naer:coct-general-frequency
感覺,provisional,284,359.5567513917098,645.8990430101964,naer:coct-general-frequency
些,provisional,285,633.2667429418145,307.211332171819,naer:coct-general-frequency
受,provisional,286,431.7547339333039,153.2069340163629,naer:coct-general-frequency
結果,provisional,287,427.5108296477566,394.4632909196558,naer:coct-general-frequency
指出,provisional,288,152.0143489222577,20.82788692690298,naer:coct-general-frequency
若,provisional,289,344.7050713802668,59.6690814662626,naer:coct-general-frequency
便,provisional,290,871.7551079050378,58.07415318807634,naer:coct-general-frequency
後來,provisional,291,335.5701567300849,587.4965222354347,naer:coct-general-frequency
機會,provisional,292,321.1035643853378,342.8157604995653,naer:coct-general-frequency
朋友,provisional,293,397.2238831609084,487.4382276068669,naer:coct-general-frequency
過去,provisional,294,340.0879893558593,325.5999170262018,naer:coct-general-frequency
寫,provisional,295,448.7700508349465,477.91556759299,naer:coct-general-frequency
對於,provisional,296,369.1918830110021,420.5450592335253,naer:coct-general-frequency
牠,provisional,297,271.3041861272407,787.61311149257,naer:coct-general-frequency
學習,provisional,298,411.5634362754051,391.554892294728,naer:coct-general-frequency
聽,provisional,299,538.8091052748098,395.5422129901937,naer:coct-general-frequency
或者,provisional,300,242.8990082384742,816.5094591208858,naer:coct-general-frequency
條,provisional,301,455.6619290760223,349.9460280961627,naer:coct-general-frequency
大概,provisional,302,145.6345975781281,921.0241709973268,naer:coct-general-frequency
場,provisional,303,271.804403096351,150.5330836676389,naer:coct-general-frequency
國,provisional,304,286.2352656575902,142.6991712424299,naer:coct-general-frequency
幫,provisional,305,230.1395055502149,653.4045878487199,naer:coct-general-frequency
間,provisional,306,457.3134390692757,197.8180161503376,naer:coct-general-frequency
放,provisional,307,329.5159434134715,567.6537380685877,naer:coct-general-frequency
約,provisional,308,186.8032481310991,73.17906217560505,naer:coct-general-frequency
邊,provisional,309,486.9096097416381,298.6737749179984,naer:coct-general-frequency
提供,provisional,310,287.1443901490684,165.4034443789638,naer:coct-general-frequency
故事,provisional,311,395.4215140817329,399.998630238067,naer:coct-general-frequency
應,provisional,312,322.9376932720758,20.78097727166221,naer:coct-general-frequency
變成,provisional,313,289.1293781217286,598.4264719065346,naer:coct-general-frequency
連,provisional,314,354.7729303775989,246.6978769112225,naer:coct-general-frequency
張,provisional,315,389.5380097307684,279.8160935112078,naer:coct-general-frequency
買,provisional,316,235.0463958186308,457.3691385975317,naer:coct-general-frequency
一般,provisional,317,309.0110176558924,510.2832297091231,naer:coct-general-frequency
五,provisional,318,431.8103135965384,281.7393893760795,naer:coct-general-frequency
其中,provisional,319,359.4813218487488,172.9089892174874,naer:coct-general-frequency
先生,provisional,320,630.5195195876529,280.3790093740971,naer:coct-general-frequency
或是,provisional,321,296.3190045587035,587.7310705116384,naer:coct-general-frequency
同時,provisional,322,439.2024088067247,213.0636541035886,naer:coct-general-frequency
使,provisional,323,776.1461772138904,69.75465734302868,naer:coct-general-frequency
去年,provisional,324,34.16164300948076,91.56764702998787,naer:coct-general-frequency
決定,provisional,325,402.0196141028552,202.3682527086925,naer:coct-general-frequency
教育,provisional,326,279.9706436158747,302.3796376820194,naer:coct-general-frequency
市場,provisional,327,255.0312547273729,107.1885622251651,naer:coct-general-frequency
中心,provisional,328,181.5271500997685,157.3349836775509,naer:coct-general-frequency
告訴,provisional,329,483.9360977585933,395.2607550587489,naer:coct-general-frequency
國際,provisional,330,160.3393884795943,155.0833202259938,naer:coct-general-frequency
完全,provisional,331,456.598843399118,321.23731908881,naer:coct-general-frequency
主要,provisional,332,308.1217430441406,395.6360323006752,naer:coct-general-frequency
身,provisional,333,481.7684908924484,262.0842438301959,naer:coct-general-frequency
狀況,provisional,334,174.7464311851615,566.9500932399762,naer:coct-general-frequency
半,provisional,335,312.4212269929225,224.7441582585409,naer:coct-general-frequency
第二,provisional,336,343.2004504969904,368.8975288134348,naer:coct-general-frequency
身體,provisional,337,385.0876666960643,415.6195454332442,naer:coct-general-frequency
錢,provisional,338,352.43064456986,365.4262143256177,naer:coct-general-frequency
容易,provisional,339,319.8808117941793,472.6147765507828,naer:coct-general-frequency
段,provisional,340,379.1168228743026,345.3019722273263,naer:coct-general-frequency
以前,provisional,341,228.2378870724066,617.5187015895291,naer:coct-general-frequency
您,provisional,342,299.8125833905854,615.5954057246573,naer:coct-general-frequency
健康,provisional,343,196.4621996060632,430.6306351102914,naer:coct-general-frequency
同,provisional,344,397.4263519341197,134.8652588172209,naer:coct-general-frequency
要求,provisional,345,280.891678035189,126.0931532871964,naer:coct-general-frequency
項,provisional,346,351.2078919787013,126.7029788053265,naer:coct-general-frequency
爸爸,provisional,347,167.390065758483,653.3576781934793,naer:coct-general-frequency
生命,provisional,348,361.9307970070113,385.9257336658352,naer:coct-general-frequency
服務,provisional,349,149.2393357364789,182.1501912999196,naer:coct-general-frequency
計畫,provisional,350,215.065506885834,138.148934684075,naer:coct-general-frequency
起來,provisional,351,438.8133511640833,389.4439578088932,naer:coct-general-frequency
誰,provisional,352,422.0679926267225,320.7682225364022,naer:coct-general-frequency
設計,provisional,353,232.2912325125785,199.366034773283,naer:coct-general-frequency
歷史,provisional,354,374.6823597433799,204.9013740916942,naer:coct-general-frequency
這邊,provisional,355,31.41838963126446,893.2536550947897,naer:coct-general-frequency
往,provisional,356,377.6598417023702,355.7628253460185,naer:coct-general-frequency
任何,provisional,357,515.1877484001543,190.6877485537401,naer:coct-general-frequency
之間,provisional,358,466.7738917469738,313.1219487321564,naer:coct-general-frequency
且,provisional,359,261.1251678034395,14.77654140084333,naer:coct-general-frequency
花,provisional,360,284.6750651110792,296.9381176740898,naer:coct-general-frequency
改變,provisional,361,362.5342333507,334.2312935905039,naer:coct-general-frequency
打,provisional,362,301.4918832154558,281.5986604103572,naer:coct-general-frequency
只是,provisional,363,370.3511159870355,361.2043453539482,naer:coct-general-frequency
非,provisional,364,441.4930849271744,68.20663872008319,naer:coct-general-frequency
自然,provisional,365,361.8831572956673,342.5343025681207,naer:coct-general-frequency
常,provisional,366,338.3134101083011,204.6199161602496,naer:coct-general-frequency
變,provisional,367,316.3594431306802,388.6464936698,naer:coct-general-frequency
別人,provisional,368,426.8994533521772,369.5073543315648,naer:coct-general-frequency
電影,provisional,369,450.4215608281997,70.5521214821218,naer:coct-general-frequency
完成,provisional,370,238.4883649632234,203.8693616763972,naer:coct-general-frequency
拿,provisional,371,272.10215129225,371.1491922649919,naer:coct-general-frequency
人員,provisional,372,194.3819322107154,159.8681050605526,naer:coct-general-frequency
路,provisional,373,292.4363680841804,282.7244921361358,naer:coct-general-frequency
隻,provisional,374,369.1601232034394,289.9016693879739,naer:coct-general-frequency
剛剛,provisional,375,80.73740079997795,783.485061831382,naer:coct-general-frequency
真,provisional,376,530.2538071126446,161.6975816149427,naer:coct-general-frequency
道,provisional,377,559.2941811526623,152.8316567744367,naer:coct-general-frequency
繼續,provisional,378,318.1459323060743,265.7901065942169,naer:coct-general-frequency
想要,provisional,379,248.0480670395546,511.6905193663463,naer:coct-general-frequency
令,provisional,380,502.6148345813251,79.2773173569055,naer:coct-general-frequency
難,provisional,381,298.6612903664425,298.2046783655907,naer:coct-general-frequency
運動,provisional,382,247.2024621632014,246.3225996692963,naer:coct-general-frequency
開,provisional,383,245.3762732283541,274.2807541927967,naer:coct-general-frequency
接受,provisional,384,333.601048661206,171.7362478364681,naer:coct-general-frequency
家庭,provisional,385,237.305312131518,317.6252756352705,naer:coct-general-frequency
選擇,provisional,386,295.382090235608,244.6807617358693,naer:coct-general-frequency
另外,provisional,387,165.4765373528387,500.9482083162093,naer:coct-general-frequency
參加,provisional,388,168.6048783977511,183.6043906123835,naer:coct-general-frequency
處,provisional,389,332.5767948673134,62.62438974643126,naer:coct-general-frequency
代表,provisional,390,230.4610736017859,205.9333865069912,naer:coct-general-frequency
經驗,provisional,391,341.9102083147613,256.1736272698585,naer:coct-general-frequency
台北,provisional,392,86.18023782101201,89.45671254415312,naer:coct-general-frequency
準備,provisional,393,255.5672014799912,301.3007156114817,naer:coct-general-frequency
之前,provisional,394,312.9333538898688,350.1805763723667,naer:coct-general-frequency
經過,provisional,395,241.6365558878624,364.1596536341168,naer:coct-general-frequency
處理,provisional,396,243.0935370597949,218.129896869592,naer:coct-general-frequency
增加,provisional,397,190.5350255197001,187.5917113078492,naer:coct-general-frequency
合作,provisional,398,141.3152637496196,95.74260634641665,naer:coct-general-frequency
是否,provisional,399,309.5588743363465,50.61551800479351,naer:coct-general-frequency
回,provisional,400,363.5148174091941,170.2820485240041,naer:coct-general-frequency
上面,provisional,401,130.28667057352,672.356088565992,naer:coct-general-frequency
幫助,provisional,402,247.4803604793738,370.5862764021027,naer:coct-general-frequency
塊,provisional,403,214.2635717448793,491.2848193366102,naer:coct-general-frequency
成,provisional,404,298.7248099815676,116.8988608600051,naer:coct-general-frequency
能力,provisional,405,368.1160195298203,197.114371321726,naer:coct-general-frequency
滿,provisional,406,182.3568750723404,382.0322322808511,naer:coct-general-frequency
第,provisional,407,105.4862308431044,1.829476554390127,naer:coct-general-frequency
努力,provisional,408,246.8372243762319,284.2725107590813,naer:coct-general-frequency
較,provisional,409,309.1340869101973,44.98635937590081,naer:coct-general-frequency
老,provisional,410,287.4461083209127,221.9764885993354,naer:coct-general-frequency
小朋友,provisional,411,38.60801606823944,609.7786084748017,naer:coct-general-frequency
小時,provisional,412,192.0237664991952,229.2943948168959,naer:coct-general-frequency
政治,provisional,413,312.6276657420791,60.98255181300423,naer:coct-general-frequency
首,provisional,414,176.0763731268438,66.51789113141538,naer:coct-general-frequency
支持,provisional,415,167.4377054698269,152.2687409115475,naer:coct-general-frequency
頭,provisional,416,444.5698162847976,164.0899740322222,naer:coct-general-frequency
企業,provisional,417,255.5870513597177,63.32803457504286,naer:coct-general-frequency
總統,provisional,418,91.3928162372175,57.98033387759479,naer:coct-general-frequency
那些,provisional,419,439.1746189751074,275.5004052290568,naer:coct-general-frequency
方法,provisional,420,389.6174092496747,311.6208397644517,naer:coct-general-frequency
進入,provisional,421,261.9350428962848,174.7853754271183,naer:coct-general-frequency
美,provisional,422,207.8282407375151,155.2709588469569,naer:coct-general-frequency
臉,provisional,423,341.1400329813692,90.06653806228317,naer:coct-general-frequency
車,provisional,424,186.4856500554734,117.321047757172,naer:coct-general-frequency
更多,provisional,425,174.1152050098556,275.5004052290568,naer:coct-general-frequency
產生,provisional,426,327.1498377500606,298.2984976760722,naer:coct-general-frequency
情況,provisional,427,364.1222237288281,201.6646078800809,naer:coct-general-frequency
醫院,provisional,428,121.5408135659795,245.2436775987586,naer:coct-general-frequency
相當,provisional,429,262.1613315251681,179.6170699169178,naer:coct-general-frequency
如此,provisional,430,516.2397920256642,69.09792216965786,naer:coct-general-frequency
即,provisional,431,435.1887631260059,16.98129519715964,naer:coct-general-frequency
安全,provisional,432,139.2627861858891,186.184421650626,naer:coct-general-frequency
傳統,provisional,433,235.9634602619997,200.6795051200247,naer:coct-general-frequency
社區,provisional,434,88.15331586583618,282.1146666180057,naer:coct-general-frequency
利用,provisional,435,192.0793461624297,291.2620493899564,naer:coct-general-frequency
作品,provisional,436,313.8265984775658,117.4617767228943,naer:coct-general-frequency
近,provisional,437,166.2506826621762,81.01297460081408,naer:coct-general-frequency
剛,provisional,438,209.2971318372836,369.882631573491,naer:coct-general-frequency
面對,provisional,439,241.1006091352441,226.4329058472088,naer:coct-general-frequency
成功,provisional,440,315.4979583505457,171.548609215505,naer:coct-general-frequency
藝術,provisional,441,317.8720039658472,116.8988608600051,naer:coct-general-frequency
哪,provisional,442,250.2077339538089,384.7060826295751,naer:coct-general-frequency
看看,provisional,443,180.7053650790872,525.3881386966518,naer:coct-general-frequency
片,provisional,444,281.1338465678536,230.4202265426744,naer:coct-general-frequency
直接,provisional,445,216.2604696453753,297.5010335369792,naer:coct-general-frequency
十,provisional,446,298.7446598612942,256.3612658908216,naer:coct-general-frequency
相關,provisional,447,163.9480966138904,87.39268771355913,naer:coct-general-frequency
父親,provisional,448,329.770021873972,155.7400553993646,naer:coct-general-frequency
地區,provisional,449,159.3588044211002,214.0956665188856,naer:coct-general-frequency
不斷,provisional,450,270.3712417800904,183.0414747494943,naer:coct-general-frequency
出,provisional,451,330.1551095406681,181.2589078503449,naer:coct-general-frequency
昨,provisional,452,1.9016184778084,0.09381931048154496,naer:coct-general-frequency
越,provisional,453,272.8842365534781,312.6059425245078,naer:coct-general-frequency
加上,provisional,454,148.8899778532907,181.8218237132341,naer:coct-general-frequency
學,provisional,455,189.1852336982913,356.7010184508339,naer:coct-general-frequency
某,provisional,456,465.9600466781832,123.7945801803986,naer:coct-general-frequency
超過,provisional,457,120.2743912394223,175.0668333585629,naer:coct-general-frequency
就是說,provisional,458,19.6434409774446,706.8815948232005,naer:coct-general-frequency
人生,provisional,459,268.8547109689781,268.7454148743856,naer:coct-general-frequency
謝謝,provisional,460,63.07497781924815,617.2372436580844,naer:coct-general-frequency
系統,provisional,461,265.0911737728144,158.4608154033295,naer:coct-general-frequency
方面,provisional,462,297.1169697237129,266.7752093542731,naer:coct-general-frequency
坐,provisional,463,367.7110819833976,214.2833051398487,naer:coct-general-frequency
空間,provisional,464,206.9429361017087,179.0072443987878,naer:coct-general-frequency
少,provisional,465,198.2645686852386,284.319420414322,naer:coct-general-frequency
久,provisional,466,268.8785308246499,279.0186293721147,naer:coct-general-frequency
到底,provisional,467,162.864293180818,477.1650131091376,naer:coct-general-frequency
臺灣,provisional,468,141.9901596603241,553.5808414963561,naer:coct-general-frequency
產業,provisional,469,116.9435814212986,99.58919807615999,naer:coct-general-frequency
幾乎,provisional,470,290.5228396785359,205.5111996098242,naer:coct-general-frequency
所謂,provisional,471,221.6913967385734,416.2293709513742,naer:coct-general-frequency
辦法,provisional,472,171.3084320165142,429.5048033845129,naer:coct-general-frequency
簡單,provisional,473,204.8467888025796,387.9428488411885,naer:coct-general-frequency
嚴重,provisional,474,155.0990202317716,268.3232279772186,naer:coct-general-frequency
照顧,provisional,475,115.2484016926469,328.4144963406482,naer:coct-general-frequency
事實,provisional,476,303.2029428478888,280.0506417874117,naer:coct-general-frequency
字,provisional,477,298.9590385623415,257.3932783061186,naer:coct-general-frequency
精神,provisional,478,311.5279824052254,182.5723781970865,naer:coct-general-frequency
住,provisional,479,274.8096748869584,222.0703079098169,naer:coct-general-frequency
醫師,provisional,480,117.3564589196119,329.2588701349821,naer:coct-general-frequency
口,provisional,481,330.8260354754271,125.7647857005111,naer:coct-general-frequency
提出,provisional,482,249.2073000155881,52.06971731725746,naer:coct-general-frequency
政策,provisional,483,122.0648503907618,60.8418228472819,naer:coct-general-frequency
就是,provisional,484,11.54072007304597,672.965914084122,naer:coct-general-frequency
常常,provisional,485,152.129478224672,484.107642084772,naer:coct-general-frequency
小孩,provisional,486,185.1120383783927,321.3311383992915,naer:coct-general-frequency
強調,provisional,487,142.4387669421453,63.32803457504286,naer:coct-general-frequency
得到,provisional,488,334.6530922867159,230.1856782664706,naer:coct-general-frequency
相信,provisional,489,322.9575431518024,206.1679347831951,naer:coct-general-frequency
由於,provisional,490,303.7865293118509,81.05988425605486,naer:coct-general-frequency
出來,provisional,491,199.2411827677874,397.4655088550653,naer:coct-general-frequency
六,provisional,492,297.2241590742365,151.3774574619728,naer:coct-general-frequency
受到,provisional,493,262.0223823670819,204.8544644364534,naer:coct-general-frequency
死,provisional,494,461.013456650314,91.09855047758015,naer:coct-general-frequency
舉辦,provisional,495,47.70323095896814,44.47035316825232,naer:coct-general-frequency
行動,provisional,496,272.0267217492889,132.8950532971084,naer:coct-general-frequency
喝,provisional,497,226.79281582831,291.4027783556787,naer:coct-general-frequency
站,provisional,498,267.6915080169992,136.8823739925741,naer:coct-general-frequency
知,provisional,499,425.7164005204718,52.49190421442441,naer:coct-general-frequency
原因,provisional,500,263.1180957279903,227.1365506758204,naer:coct-general-frequency
時代,provisional,501,291.8805714518355,155.7400553993646,naer:coct-general-frequency
靠,provisional,502,201.8851867473707,224.7910679137817,naer:coct-general-frequency
句,provisional,503,346.2811518305588,211.6563644463654,naer:coct-general-frequency
獲得,provisional,504,216.4907282502039,91.47382771950636,naer:coct-general-frequency
參與,provisional,505,159.4223240362253,131.0655767427183,naer:coct-general-frequency
兩岸,provisional,506,27.26182481651416,19.42059726967981,naer:coct-general-frequency
清楚,provisional,507,301.5792226862529,196.2699975273921,naer:coct-general-frequency
慢慢,provisional,508,141.2318942547679,454.5545592830854,naer:coct-general-frequency
共,provisional,509,125.5941590061514,28.23961245494504,naer:coct-general-frequency
找到,provisional,510,257.6157090677764,238.4417775888465,naer:coct-general-frequency
解決,provisional,511,219.2458915562561,170.4696871449672,naer:coct-general-frequency
尤其,provisional,512,189.1217140831661,254.1565120945053,naer:coct-general-frequency
母親,provisional,513,321.5085019317605,98.69791462658529,naer:coct-general-frequency
土地,provisional,514,126.6144428240988,269.3552403925156,naer:coct-general-frequency
現場,provisional,515,62.10233371264469,179.8047085378809,naer:coct-general-frequency
父母,provisional,516,303.1830929681622,184.0265775095505,naer:coct-general-frequency
成長,provisional,517,166.9096986690993,161.3692140282574,naer:coct-general-frequency
基本,provisional,518,201.8216671322456,302.0981797505748,naer:coct-general-frequency
個人,provisional,519,299.4949853149597,104.6085311869226,naer:coct-general-frequency
表現,provisional,520,265.5437510305809,103.4357898059033,naer:coct-general-frequency
全球,provisional,521,82.18247204407452,199.1314864970792,naer:coct-general-frequency
玩,provisional,522,150.4223885681843,308.665531484283,naer:coct-general-frequency
真正,provisional,523,301.3688139611509,207.6690437508998,naer:coct-general-frequency
有時候,provisional,524,84.90190556661886,533.5504187085462,naer:coct-general-frequency
管理,provisional,525,212.5763319681181,93.30330427389649,naer:coct-general-frequency
調查,provisional,526,136.9205003781501,107.8922070537767,naer:coct-general-frequency
兒子,provisional,527,237.2854622517914,142.6053519319484,naer:coct-general-frequency
討論,provisional,528,232.3190223441958,130.7841188112737,naer:coct-general-frequency
行為,provisional,529,384.2658816753831,93.7724008263042,naer:coct-general-frequency
回來,provisional,530,178.8235964810054,387.8959391859477,naer:coct-general-frequency
分鐘,provisional,531,207.4987327340536,180.1330761245663,naer:coct-general-frequency
聲音,provisional,532,337.0708076374159,186.2782409611076,naer:coct-general-frequency
不少,provisional,533,138.4926108524969,63.79713112745058,naer:coct-general-frequency
建議,provisional,534,179.0459151339433,127.2658946682158,naer:coct-general-frequency
同學,provisional,535,119.178677878514,338.0778853202473,naer:coct-general-frequency
早,provisional,536,240.7949209874545,185.8091444086998,naer:coct-general-frequency
原來,provisional,537,176.9894675942674,353.1358846525353,naer:coct-general-frequency
以上,provisional,538,136.5751124709073,142.5584422767076,naer:coct-general-frequency
指,provisional,539,331.7986795820306,85.61012081440978,naer:coct-general-frequency
了解,provisional,540,326.0223645815897,68.6757352724909,naer:coct-general-frequency
人類,provisional,541,303.6714000094366,242.8512851814791,naer:coct-general-frequency
產品,provisional,542,200.4321755513835,114.5533780979664,naer:coct-general-frequency
認識,provisional,543,202.6831519123801,254.1565120945053,naer:coct-general-frequency
資源,provisional,544,108.4398929464227,222.7270430831877,naer:coct-general-frequency
持續,provisional,545,133.0378639036269,110.0031415396115,naer:coct-general-frequency
怕,provisional,546,184.3696528766177,267.3381252171624,naer:coct-general-frequency
組織,provisional,547,272.6301580929776,145.7952084883209,naer:coct-general-frequency
力量,provisional,548,235.383843773983,211.8909127225693,naer:coct-general-frequency
協助,provisional,549,113.0490350189395,109.6278642976853,naer:coct-general-frequency
女兒,provisional,550,180.3520372199537,157.7102609194771,naer:coct-general-frequency
底,provisional,551,147.1034886778966,87.25195874783682,naer:coct-general-frequency
擔心,provisional,552,162.0067783766288,201.0547823619509,naer:coct-general-frequency
夠,provisional,553,193.9095050732224,263.7729914188637,naer:coct-general-frequency
技術,provisional,554,187.1764258699592,135.4281746801101,naer:coct-general-frequency
僅,provisional,555,120.0798624181016,17.59112071528968,naer:coct-general-frequency
畫,provisional,556,227.5709311135928,269.1206921163117,naer:coct-general-frequency
推出,provisional,557,39.46950084837393,18.01330761245663,naer:coct-general-frequency
食物,provisional,558,165.0517499266894,314.013232181731,naer:coct-general-frequency
送,provisional,559,128.8376293534781,142.886809863393,naer:coct-general-frequency
度,provisional,560,98.3521840693639,182.6192878523273,naer:coct-general-frequency
原本,provisional,561,137.1626689108147,170.516596800208,naer:coct-general-frequency
怎麼樣,provisional,562,61.08998984658802,520.0404379992037,naer:coct-general-frequency
業者,provisional,563,26.86085724603682,35.18224143057936,naer:coct-general-frequency
雖,provisional,564,187.025566784037,11.82123312067466,naer:coct-general-frequency
而是,provisional,565,292.5078276511961,135.0998070934247,naer:coct-general-frequency
不僅,provisional,566,166.3142022773013,98.6510049713445,naer:coct-general-frequency
一切,provisional,567,372.6934017947745,93.35021392913723,naer:coct-general-frequency
教,provisional,568,163.4200898131628,322.879157022237,naer:coct-general-frequency
目標,provisional,569,245.9360398366443,98.41645669514068,naer:coct-general-frequency
人家,provisional,570,99.16205916220925,446.6737372026357,naer:coct-general-frequency
哪裡,provisional,571,157.7549341391908,365.2385757046546,naer:coct-general-frequency
依,provisional,572,142.2680579764965,25.00284624333173,naer:coct-general-frequency
治療,provisional,573,175.818324690398,206.7308506460844,naer:coct-general-frequency
遠,provisional,574,226.6737165499504,132.8950532971084,naer:coct-general-frequency
壓力,provisional,575,159.0491462973652,204.2446389183234,naer:coct-general-frequency
多少,provisional,576,198.145469406879,273.7178383299075,naer:coct-general-frequency
年輕,provisional,577,189.2328734096351,168.452571969614,naer:coct-general-frequency
言,provisional,578,385.4568744589792,28.38034142066736,naer:coct-general-frequency
願意,provisional,579,193.3417985130416,215.2214982446642,naer:coct-general-frequency
回到,provisional,580,230.7826416533568,205.3235609888612,naer:coct-general-frequency
音樂,provisional,581,189.6616308117297,129.2361001883282,naer:coct-general-frequency
民進黨,provisional,582,10.84597428261493,0.2345482762038625,naer:coct-general-frequency
中央,provisional,583,180.058259,35.7920669487094,naer:coct-general-frequency
根本,provisional,584,261.4824656385183,137.4452898554634,naer:coct-general-frequency
山,provisional,585,213.2829876863852,220.2408313554268,naer:coct-general-frequency
敢,provisional,586,260.0612142500937,146.2643050407286,naer:coct-general-frequency
資料,provisional,587,206.3990493971999,133.7863367466831,naer:coct-general-frequency
加,provisional,588,110.0953729156212,330.4316115160013,naer:coct-general-frequency
當中,provisional,589,111.6198436786242,409.9434771491107,naer:coct-general-frequency
錯,provisional,590,182.9087017287399,328.8835928930559,naer:coct-general-frequency
價值,provisional,591,231.5091472513504,138.148934684075,naer:coct-general-frequency
只有,provisional,592,163.1183716413185,298.9083231942022,naer:coct-general-frequency
自,provisional,593,222.5489115427627,28.89634762831585,naer:coct-general-frequency
投資,provisional,594,150.2477096265902,37.38699522689567,naer:coct-general-frequency
市長,provisional,595,17.54729367831551,7.458635183282825,naer:coct-general-frequency
事件,provisional,596,232.235652849344,77.44784080251537,naer:coct-general-frequency
曾經,provisional,597,206.1132111291368,263.2100755559744,naer:coct-general-frequency
動物,provisional,598,144.8525123169,253.0306803687268,naer:coct-general-frequency
意義,provisional,599,281.2886756297211,144.7162864177831,naer:coct-general-frequency
於是,provisional,600,357.9211213022378,102.8728739430141,naer:coct-general-frequency
網路,provisional,601,103.7592913068901,93.16257530817415,naer:coct-general-frequency
習慣,provisional,602,166.2467126862308,254.2034217497461,naer:coct-general-frequency
共同,provisional,603,144.058517127836,110.8944249891861,naer:coct-general-frequency
媒體,provisional,604,125.7529580439643,72.05323044982653,naer:coct-general-frequency
歡迎,provisional,605,76.66420548007936,269.0268728058302,naer:coct-general-frequency
分享,provisional,606,76.69993526358725,267.3850348724031,naer:coct-general-frequency
離開,provisional,607,281.4474746675339,134.3961622648131,naer:coct-general-frequency
生,provisional,608,237.3529518428619,138.8994891679273,naer:coct-general-frequency
意思,provisional,609,199.5230510599052,313.1219487321564,naer:coct-general-frequency
經,provisional,610,145.2098101519788,43.48525040819609,naer:coct-general-frequency
女,provisional,611,199.8843188709293,40.20157454134203,naer:coct-general-frequency
國民黨,provisional,612,44.90439791751736,1.641837933427037,naer:coct-general-frequency
來自,provisional,613,164.0394060606328,128.7200939806797,naer:coct-general-frequency
推動,provisional,614,58.48965560240325,90.25417668324627,naer:coct-general-frequency
作為,provisional,615,224.2163014397971,71.49031458693726,naer:coct-general-frequency
環保,provisional,616,15.92357351667953,368.4753419162678,naer:coct-general-frequency
志工,provisional,617,8.729977103759232,361.8141708720782,naer:coct-general-frequency
似乎,provisional,618,336.3641519191489,104.6085311869226,naer:coct-general-frequency
座,provisional,619,197.4586635683386,123.700760869917,naer:coct-general-frequency
想到,provisional,620,188.8120559594311,265.5086486627723,naer:coct-general-frequency
擔任,provisional,621,136.9085904503142,64.40695664558062,naer:coct-general-frequency
份,provisional,622,210.0752471225664,187.63862096309,naer:coct-general-frequency
成立,provisional,623,112.1597604071877,111.12897326539,naer:coct-general-frequency
聽到,provisional,624,238.6908337364348,191.4852126928333,naer:coct-general-frequency
別,provisional,625,299.4195557719987,108.3143939509437,naer:coct-general-frequency
家人,provisional,626,120.6277190985559,199.9758602914131,naer:coct-general-frequency
遭,provisional,627,73.7303932564877,30.67891452746521,naer:coct-general-frequency
本身,provisional,628,174.504262652497,297.7355818131829,naer:coct-general-frequency
當地,provisional,629,89.76115612369087,189.6088264832024,naer:coct-general-frequency
有點,provisional,630,171.2012426659905,286.9932707630461,naer:coct-general-frequency
病人,provisional,631,105.6093000974093,355.9973736222224,naer:coct-general-frequency
樣,provisional,632,123.3630325248815,365.8953108780254,naer:coct-general-frequency
注意,provisional,633,193.905535097277,193.1270506262603,naer:coct-general-frequency
重新,provisional,634,175.9136041130856,144.52864779682,naer:coct-general-frequency
實際,provisional,635,203.4612671976629,190.6877485537401,naer:coct-general-frequency
鼓勵,provisional,636,105.9348381249256,168.7809395562994,naer:coct-general-frequency
同樣,provisional,637,238.8377228464116,137.0231029582964,naer:coct-general-frequency
擁有,provisional,638,219.492030064866,98.79173393706684,naer:coct-general-frequency
科技,provisional,639,119.5121558579208,98.08808910845526,naer:coct-general-frequency
專業,provisional,640,129.889672978988,132.0037698475338,naer:coct-general-frequency
內容,provisional,641,216.4510284907507,61.2171000892081,naer:coct-general-frequency
穿,provisional,642,181.0348730825488,160.4779305786827,naer:coct-general-frequency
行,provisional,643,247.0039633659354,101.9346808381986,naer:coct-general-frequency
嘛,provisional,644,73.86537243862858,429.8800806264391,naer:coct-general-frequency
那邊,provisional,645,50.31944510693418,459.8084406700519,naer:coct-general-frequency
最近,provisional,646,108.8408605169,160.7593885101273,naer:coct-general-frequency
存在,provisional,647,297.3750181601588,112.0671663702055,naer:coct-general-frequency
有關,provisional,648,271.2406665121155,108.9242194690737,naer:coct-general-frequency
賣,provisional,649,108.7614609979936,200.3511375333393,naer:coct-general-frequency
幫忙,provisional,650,83.4925641060302,294.6864542225327,naer:coct-general-frequency
作,provisional,651,306.3233439409105,82.09189667135185,naer:coct-general-frequency
部,provisional,652,280.7884586606107,68.76955458297246,naer:coct-general-frequency
單位,provisional,653,91.2181372956234,80.21551046172095,naer:coct-general-frequency
菜,provisional,654,70.26857423216846,308.1026156213937,naer:coct-general-frequency
顆,provisional,655,125.9395469133943,242.3821886290714,naer:coct-general-frequency
突然,provisional,656,268.0845356355859,103.7641573925887,naer:coct-general-frequency
稱,provisional,657,237.2735523239554,55.77558008127848,naer:coct-general-frequency
觀眾,provisional,658,123.4146422121706,238.8639644860135,naer:coct-general-frequency
功能,provisional,659,151.9111295476794,181.2119981951041,naer:coct-general-frequency
城市,provisional,660,126.1578955903869,109.3464063662407,naer:coct-general-frequency
來到,provisional,661,176.7552390134935,252.1863065743929,naer:coct-general-frequency
加入,provisional,662,113.7120210018079,123.8883994908801,naer:coct-general-frequency
周,provisional,663,38.37378748746554,71.81868217362269,naer:coct-general-frequency
例如,provisional,664,250.954089431529,90.16035737276472,naer:coct-general-frequency
女性,provisional,665,232.5373710211884,80.30932977220249,naer:coct-general-frequency
情緒,provisional,666,259.5014476418035,131.1593960531999,naer:coct-general-frequency
期間,provisional,667,130.2588807419027,54.64974835549994,naer:coct-general-frequency
通常,provisional,668,214.7042390748098,212.8760154826255,naer:coct-general-frequency
動作,provisional,669,171.4354712467644,215.6436851418311,naer:coct-general-frequency
教授,provisional,670,153.0147828604784,163.0110519616844,naer:coct-general-frequency
北市,provisional,671,3.116431117076397,5.488429663170381,naer:coct-general-frequency
達,provisional,672,98.63802233742695,28.75561866259353,naer:coct-general-frequency
國小,provisional,673,18.65094699111453,113.7090043036325,naer:coct-general-frequency
門,provisional,674,307.1133691540293,76.83801528438535,naer:coct-general-frequency
低,provisional,675,128.5954608208136,138.7118505469642,naer:coct-general-frequency
想法,provisional,676,213.4060569406901,199.78822167045,naer:coct-general-frequency
經營,provisional,677,156.3852924380553,93.20948496341492,naer:coct-general-frequency
即使,provisional,678,248.0043973041561,95.74260634641665,naer:coct-general-frequency
第三,provisional,679,179.3913030411862,141.3387912404475,naer:coct-general-frequency
快樂,provisional,680,178.0296012919413,225.2132548109487,naer:coct-general-frequency
不管,provisional,681,150.9027556575681,256.5019948565439,naer:coct-general-frequency
七,provisional,682,228.702374258009,112.2548049911686,naer:coct-general-frequency
根據,provisional,683,182.5990436050049,131.2063057084406,naer:coct-general-frequency
終於,provisional,684,230.1990551893948,111.12897326539,naer:coct-general-frequency
之外,provisional,685,181.3326212784478,217.0040651438135,naer:coct-general-frequency
晚上,provisional,686,163.658288369882,194.8157982149281,naer:coct-general-frequency
眼睛,provisional,687,256.7224644800793,158.9299119557371,naer:coct-general-frequency
帶來,provisional,688,159.505693531077,151.4712767724544,naer:coct-general-frequency
思考,provisional,689,247.7026791323117,121.9651036260085,naer:coct-general-frequency
態度,provisional,690,222.7910800754272,108.6427615376291,naer:coct-general-frequency
角色,provisional,691,206.2561302631683,106.3441884308312,naer:coct-general-frequency
八,provisional,692,212.1912443014221,115.4446615475411,naer:coct-general-frequency
警方,provisional,693,30.6998239851615,9.428840703395268,naer:coct-general-frequency
以為,provisional,694,232.6763201792746,128.9546422568836,naer:coct-general-frequency
全部,provisional,695,133.8596489243082,254.5317893364315,naer:coct-general-frequency
有沒有,provisional,696,83.48859413008488,365.0978467389322,naer:coct-general-frequency
光,provisional,697,163.8329673114761,154.8018622945492,naer:coct-general-frequency
代,provisional,698,155.2141495341859,145.7013891778393,naer:coct-general-frequency
有的,provisional,699,118.1067843732774,298.0639493998684,naer:coct-general-frequency
眼,provisional,700,283.7580006677103,74.21107459090206,naer:coct-general-frequency
不用,provisional,701,90.32489270792637,302.1450894058156,naer:coct-general-frequency
高雄,provisional,702,17.98796100824605,51.27225317816433,naer:coct-general-frequency
記得,provisional,703,181.8645980551207,235.1581017219925,naer:coct-general-frequency
好好,provisional,704,120.0798624181016,264.6173652131976,naer:coct-general-frequency
在一起,provisional,705,180.8800440206813,237.4097651735496,naer:coct-general-frequency
通過,provisional,706,115.6414293112336,59.38762353481796,naer:coct-general-frequency
叫做,provisional,707,76.94607377219711,395.3076647139897,naer:coct-general-frequency
提到,provisional,708,126.9995304907949,239.7552479355882,naer:coct-general-frequency
自由,provisional,709,221.7747662334252,57.32359870422398,naer:coct-general-frequency
辛苦,provisional,710,53.01505877380663,316.0303473570842,naer:coct-general-frequency
至少,provisional,711,161.8717991944879,118.6345181039136,naer:coct-general-frequency
減少,provisional,712,89.83261569070663,153.5353016030483,naer:coct-general-frequency
樹,provisional,713,136.2932441787895,193.0332313157788,naer:coct-general-frequency
她們,provisional,714,195.6721743929445,207.9035920271037,naer:coct-general-frequency
困難,provisional,715,148.175382183133,211.7970934120877,naer:coct-general-frequency
針對,provisional,716,88.77263211330612,72.28777872603041,naer:coct-general-frequency
笑,provisional,717,270.9310083883805,82.8424511552042,naer:coct-general-frequency
香港,provisional,718,184.3061332614926,37.24626626117335,naer:coct-general-frequency
訓練,provisional,719,154.7853921320913,130.7841188112737,naer:coct-general-frequency
反而,provisional,720,155.8493456854371,172.3929830098389,naer:coct-general-frequency
銀行,provisional,721,132.7282057798919,50.05260214190424,naer:coct-general-frequency
談,provisional,722,173.0194916489471,178.3035995701762,naer:coct-general-frequency
自我,provisional,723,289.8955834791753,77.91693735492309,naer:coct-general-frequency
感到,provisional,724,293.4645918540184,47.89475800082872,naer:coct-general-frequency
觀察,provisional,725,173.4283991713152,155.45859746792,naer:coct-general-frequency
保護,provisional,726,128.4962114221806,171.7831574917089,naer:coct-general-frequency
建築,provisional,727,122.5610973839268,137.3983802002226,naer:coct-general-frequency
慈濟,provisional,728,3.195830635982802,435.6030585658133,naer:coct-general-frequency
智慧,provisional,729,180.4870164020945,109.8624125738892,naer:coct-general-frequency
下去,provisional,730,150.0373009014882,236.4715720687341,naer:coct-general-frequency
對方,provisional,731,244.1932203966486,45.26781730734546,naer:coct-general-frequency
像是,provisional,732,196.2120911215081,146.4519436616917,naer:coct-general-frequency
本來,provisional,733,126.3246345800904,259.7387610681573,naer:coct-general-frequency
長期,provisional,734,110.8377584173961,114.6002877532072,naer:coct-general-frequency
工程,provisional,735,56.07988020359385,79.18349804642395,naer:coct-general-frequency
然而,provisional,736,287.882805674898,62.5774800911905,naer:coct-general-frequency
總是,provisional,737,248.0758568711719,121.4021877631192,naer:coct-general-frequency
類,provisional,738,228.9167529590563,90.81709254613553,naer:coct-general-frequency
屬於,provisional,739,155.6667267919524,197.3958292531706,naer:coct-general-frequency
也許,provisional,740,249.0246811221034,157.8040802299586,naer:coct-general-frequency
而已,provisional,741,170.5223767793407,249.2779079494649,naer:coct-general-frequency
強,provisional,742,136.6068722784698,118.0716022410243,naer:coct-general-frequency
英國,provisional,743,170.3635777415279,103.0605125639771,naer:coct-general-frequency
博士,provisional,744,96.99048232011906,310.5888273491546,naer:coct-general-frequency
腳,provisional,745,188.3594787016646,167.3267402438354,naer:coct-general-frequency
男,provisional,746,92.24239108951605,25.98794900338796,naer:coct-general-frequency
改善,provisional,747,84.79471621609524,94.38222634443424,naer:coct-general-frequency
團體,provisional,748,121.2510053219711,93.72549117106342,naer:coct-general-frequency
比賽,provisional,749,77.77579874476903,100.5273911809754,naer:coct-general-frequency
市府,provisional,750,1.679299824870466,2.298573106797852,naer:coct-general-frequency
開心,provisional,751,70.17726478542609,209.2170623738453,naer:coct-general-frequency
團隊,provisional,752,66.55664672329401,94.14767806823038,naer:coct-general-frequency
結合,provisional,753,88.03421658747656,102.0754098039209,naer:coct-general-frequency
極,provisional,754,242.0811931937383,43.25070213199223,naer:coct-general-frequency
耶,provisional,755,40.14439675907838,392.2116274680988,naer:coct-general-frequency
下午,provisional,756,76.9421037962518,60.93564215776345,naer:coct-general-frequency
幸福,provisional,757,103.8585407055231,203.4002651239895,naer:coct-general-frequency
節目,provisional,758,84.12776025728144,166.1070892075754,naer:coct-general-frequency
群,provisional,759,154.9878609053026,168.1711140381694,naer:coct-general-frequency
報導,provisional,760,107.4950386714364,66.75243940761925,naer:coct-general-frequency
茶,provisional,761,85.96982909591003,223.5245072222809,naer:coct-general-frequency
正在,provisional,762,211.7267571158196,103.5296091163849,naer:coct-general-frequency
形成,provisional,763,187.3947745469518,140.3536884803913,naer:coct-general-frequency
生態,provisional,764,35.88064259380442,216.6756975571281,naer:coct-general-frequency
回家,provisional,765,138.4330612133172,170.7042354211711,naer:coct-general-frequency
植物,provisional,766,75.10400493356849,306.8360549298928,naer:coct-general-frequency
知識,provisional,767,249.3859489331275,118.3061505172282,naer:coct-general-frequency
說明,provisional,768,207.7210513869915,63.18730560932054,naer:coct-general-frequency
附近,provisional,769,126.5469532330283,125.4364181138256,naer:coct-general-frequency
結束,provisional,770,160.2004393215081,90.06653806228317,naer:coct-general-frequency
看起來,provisional,771,163.5193392117958,230.6078651636376,naer:coct-general-frequency
變化,provisional,772,167.7632434973432,162.7765036854805,naer:coct-general-frequency
心情,provisional,773,132.5297069826259,181.6341850922711,naer:coct-general-frequency
拍,provisional,774,113.4142728059089,142.3238940005037,naer:coct-general-frequency
馬,provisional,775,192.4763437569617,48.17621593227334,naer:coct-general-frequency
吸引,provisional,776,81.42420663851834,64.92296285322911,naer:coct-general-frequency
維持,provisional,777,123.2558431743578,87.1112297821145,naer:coct-general-frequency
越來越,provisional,778,107.5545883106162,244.7745810463508,naer:coct-general-frequency
演出,provisional,779,81.45199647013557,49.06749938184802,naer:coct-general-frequency
科學,provisional,780,215.1250565250137,127.9226298415866,naer:coct-general-frequency
呀,provisional,781,187.4027144988424,223.1492299803547,naer:coct-general-frequency
解釋,provisional,782,235.8602408874215,73.69506838325357,naer:coct-general-frequency
創作,provisional,783,121.0683864284864,78.15148563112696,naer:coct-general-frequency
算,provisional,784,133.7524595737846,192.7048637290933,naer:coct-general-frequency
具有,provisional,785,239.2069306093264,69.23865113538018,naer:coct-general-frequency
人民,provisional,786,143.1255727806857,51.8351690410536,naer:coct-general-frequency
導致,provisional,787,119.5081858819755,74.77399045379134,naer:coct-general-frequency
公園,provisional,788,54.78963802136479,88.98761599174541,naer:coct-general-frequency
建立,provisional,789,207.6615017478117,65.76733664756303,naer:coct-general-frequency
生產,provisional,790,141.5693422101201,126.9375270815304,naer:coct-general-frequency
年輕人,provisional,791,96.69670410016536,167.7958367962432,naer:coct-general-frequency
除,provisional,792,59.89899706299193,24.39302072520169,naer:coct-general-frequency
主義,provisional,793,327.2530571246389,26.73850348724032,naer:coct-general-frequency
總,provisional,794,181.4556905327527,67.1746263047862,naer:coct-general-frequency
分析,provisional,795,229.4606396635652,51.13152421244201,naer:coct-general-frequency
不但,provisional,796,157.00063870958,129.6582870854951,naer:coct-general-frequency
充滿,provisional,797,173.7062974874876,108.4082132614252,naer:coct-general-frequency
反應,provisional,798,209.5035705864403,109.3464063662407,naer:coct-general-frequency
人們,provisional,799,294.8064437235365,74.86780976427288,naer:coct-general-frequency
馬上,provisional,800,155.2538492936391,192.6110444186118,naer:coct-general-frequency
白,provisional,801,196.9703565270642,75.80600286908833,naer:coct-general-frequency
亦,provisional,802,270.2045027903869,11.02376898158153,naer:coct-general-frequency
資訊,provisional,803,148.3143313412193,69.75465734302868,naer:coct-general-frequency
舉行,provisional,804,69.72071755171424,24.95593658809096,naer:coct-general-frequency
避免,provisional,805,130.3898899480983,72.33468838127115,naer:coct-general-frequency
需求,provisional,806,114.2916374898247,70.45830217164026,naer:coct-general-frequency
情形,provisional,807,138.8419687356851,202.274433398211,naer:coct-general-frequency
效果,provisional,808,150.704256860302,133.6925174362015,naer:coct-general-frequency
報告,provisional,809,146.0951147877852,80.4969683931656,naer:coct-general-frequency
選舉,provisional,810,32.40691364164921,18.10712692293818,naer:coct-general-frequency
達到,provisional,811,141.1485247599162,128.860822946402,naer:coct-general-frequency
公尺,provisional,812,76.26323790960203,119.5258015534883,naer:coct-general-frequency
具,provisional,813,163.5471290434131,28.00506417874117,naer:coct-general-frequency
新聞,provisional,814,157.8700634416051,90.48872495945012,naer:coct-general-frequency
前往,provisional,815,107.0424614136699,36.26116350111713,naer:coct-general-frequency
不再,provisional,816,204.4736110637195,67.64372285719392,naer:coct-general-frequency
跑,provisional,817,138.7625692167787,159.164460231941,naer:coct-general-frequency
例,provisional,818,222.4814219516922,20.9686158926253,naer:coct-general-frequency
需,provisional,819,109.3331375341197,21.53153175551457,naer:coct-general-frequency
挑戰,provisional,820,107.7888168913901,98.41645669514068,naer:coct-general-frequency
讀,provisional,821,180.1614783745783,121.4960070736007,naer:coct-general-frequency
規定,provisional,822,97.1175215503693,40.0608455756197,naer:coct-general-frequency
日前,provisional,823,6.665589612192703,1.782566899149354,naer:coct-general-frequency
絕對,provisional,824,166.7508996312865,134.8183491619801,naer:coct-general-frequency
品牌,provisional,825,64.3215502660787,23.59555658610856,naer:coct-general-frequency
換,provisional,826,100.5912505025245,165.5910829999269,naer:coct-general-frequency
開放,provisional,827,68.82350298807187,38.84119453935962,naer:coct-general-frequency
太多,provisional,828,121.385984504112,191.6259416585556,naer:coct-general-frequency
概念,provisional,829,163.6344685142101,143.5904546920046,naer:coct-general-frequency
方向,provisional,830,156.3376527267115,124.3105863880471,naer:coct-general-frequency
堅持,provisional,831,120.6555089301731,123.9353091461209,naer:coct-general-frequency
旁,provisional,832,156.2741331115864,50.52169869431197,naer:coct-general-frequency
課程,provisional,833,118.3132231224341,96.1647932435836,naer:coct-general-frequency
交通,provisional,834,45.5792938282218,72.89760424416043,naer:coct-general-frequency
黨,provisional,835,91.75408404824164,6.61426138894892,naer:coct-general-frequency
實在,provisional,836,202.9610502285525,121.0738201764338,naer:coct-general-frequency
海,provisional,837,131.0369960271855,127.0313463920119,naer:coct-general-frequency
溝通,provisional,838,123.5535913702568,106.7194656727574,naer:coct-general-frequency
現象,provisional,839,187.0176268321464,135.662722956314,naer:coct-general-frequency
製作,provisional,840,102.2149706641605,94.00694910250807,naer:coct-general-frequency
樣子,provisional,841,149.9380515028552,236.1432044820487,naer:coct-general-frequency
深,provisional,842,157.683474572175,110.4253284367784,naer:coct-general-frequency
想像,provisional,843,178.3948390789108,143.1213581395969,naer:coct-general-frequency
體驗,provisional,844,62.79707950307572,94.05385875774886,naer:coct-general-frequency
十分,provisional,845,249.9615954451989,39.77938764417507,naer:coct-general-frequency
電腦,provisional,846,149.5053241248153,127.7819008758642,naer:coct-general-frequency
協會,provisional,847,52.94756918273619,64.40695664558062,naer:coct-general-frequency
積極,provisional,848,95.23972292823281,67.73754216767547,naer:coct-general-frequency
適合,provisional,849,101.1708669905413,157.0535257461063,naer:coct-general-frequency
醫生,provisional,850,168.9701161847205,178.0221416387316,naer:coct-general-frequency
台中,provisional,851,14.24030371586374,24.90902693285019,naer:coct-general-frequency
步,provisional,852,179.1888342679748,117.1334091362089,naer:coct-general-frequency
或許,provisional,853,221.0006209240877,93.16257530817415,naer:coct-general-frequency
動,provisional,854,180.5902357766729,142.6053519319484,naer:coct-general-frequency
人士,provisional,855,109.5157564276044,34.52550625720855,naer:coct-general-frequency
有機,provisional,856,18.79783610109139,298.3923169865538,naer:coct-general-frequency
它們,provisional,857,252.5936894969463,128.3448167387535,naer:coct-general-frequency
電視,provisional,858,160.1448596582736,94.52295531015656,naer:coct-general-frequency
醫療,provisional,859,54.78566804541946,144.8570153835054,naer:coct-general-frequency
不錯,provisional,860,91.57146515475692,220.3346506659084,naer:coct-general-frequency
居民,provisional,861,53.24531737863521,117.321047757172,naer:coct-general-frequency
層,provisional,862,143.3875911930768,129.892835361699,naer:coct-general-frequency
控制,provisional,863,187.2161256294124,111.4104311968346,naer:coct-general-frequency
會議,provisional,864,119.663014943843,36.54262143256177,naer:coct-general-frequency
系列,provisional,865,75.32235361056112,28.84943797307508,naer:coct-general-frequency
經常,provisional,866,193.7705559151361,97.00916703791748,naer:coct-general-frequency
重,provisional,867,120.7626982806967,129.892835361699,naer:coct-general-frequency
初,provisional,868,163.3645101499283,37.80918212406262,naer:coct-general-frequency
階段,provisional,869,140.0567813749531,97.47826359032524,naer:coct-general-frequency
負責,provisional,870,144.9835215230956,98.69791462658529,naer:coct-general-frequency
並且,provisional,871,238.4566051556609,90.01962840704239,naer:coct-general-frequency
遇到,provisional,872,115.0499028953809,169.0154878325033,naer:coct-general-frequency
確定,provisional,873,158.6719985825598,67.73754216767547,naer:coct-general-frequency
反,provisional,874,172.8170228757359,39.31029109176735,naer:coct-general-frequency
明顯,provisional,875,140.7674070691654,100.9026684229016,naer:coct-general-frequency
看見,provisional,876,222.0923643090508,55.54103180507462,naer:coct-general-frequency
衣服,provisional,877,129.6355945184875,206.1210251279543,naer:coct-general-frequency
等等,provisional,878,150.7915963310991,204.4322775392865,naer:coct-general-frequency
活,provisional,879,195.0250683138573,108.455122916666,naer:coct-general-frequency
紅,provisional,880,136.2892742028442,74.02343596993896,naer:coct-general-frequency
觀念,provisional,881,157.4293961116745,162.7765036854805,naer:coct-general-frequency
季,provisional,882,31.88287681686693,39.35720074700812,naer:coct-general-frequency
員工,provisional,883,124.3991962466101,50.94388559147892,naer:coct-general-frequency
漂亮,provisional,884,77.45026071725277,268.8392341848671,naer:coct-general-frequency
電話,provisional,885,150.2556495784809,68.86337389345401,naer:coct-general-frequency
選,provisional,886,67.5570806615147,117.6025056886166,naer:coct-general-frequency
皆,provisional,887,179.7763907078822,16.13692140282573,naer:coct-general-frequency
標準,provisional,888,122.1521898615588,78.38603390733083,naer:coct-general-frequency
綠,provisional,889,57.97752870545695,96.07097393310205,naer:coct-general-frequency
時期,provisional,890,189.2487533134164,81.90425805038876,naer:coct-general-frequency
那樣,provisional,891,179.8637301786793,185.1993188905698,naer:coct-general-frequency
嗯,provisional,892,69.76438728711277,316.9685404618997,naer:coct-general-frequency
屆,provisional,893,40.51360452199316,23.78319520707165,naer:coct-general-frequency
高中,provisional,894,46.1668502681292,64.03167940365444,naer:coct-general-frequency
英文,provisional,895,59.95457672622643,64.26622767985829,naer:coct-general-frequency
北京,provisional,896,140.8944462994157,26.97305176344418,naer:coct-general-frequency
人物,provisional,897,207.4352131189285,65.25133043991453,naer:coct-general-frequency
魚,provisional,898,137.0515095843457,115.3977518923003,naer:coct-general-frequency
那裡,provisional,899,218.9044736249586,142.6991712424299,naer:coct-general-frequency
顯示,provisional,900,129.3497562504244,37.62154350309953,naer:coct-general-frequency
介紹,provisional,901,104.2674482278911,193.9714244205942,naer:coct-general-frequency
左右,provisional,902,132.9187646252673,152.7378374639552,naer:coct-general-frequency
熱,provisional,903,77.37483117429169,199.1314864970792,naer:coct-general-frequency
期待,provisional,904,84.95351525390804,105.4998146364973,naer:coct-general-frequency
至於,provisional,905,122.5849172395987,42.92233454530683,naer:coct-general-frequency
投入,provisional,906,74.11945089912908,112.3955339568909,naer:coct-general-frequency
原,provisional,907,129.2346269480101,18.20094623341972,naer:coct-general-frequency
萬,provisional,908,51.06580058465439,14.4950834693987,naer:coct-general-frequency
專家,provisional,909,101.8219430455738,141.2449719299659,naer:coct-general-frequency
畢業,provisional,910,77.35101131861977,108.3143939509437,naer:coct-general-frequency
立委,provisional,911,4.128774983133061,1.078922070537767,naer:coct-general-frequency
創意,provisional,912,79.23277991670156,105.1245373945711,naer:coct-general-frequency
酒,provisional,913,182.1385263953478,47.51948075890253,naer:coct-general-frequency
倍,provisional,914,90.33680263576231,88.19015185265226,naer:coct-general-frequency
唯一,provisional,915,151.8476099325542,78.85513045973855,naer:coct-general-frequency
表演,provisional,916,80.86841000617349,90.48872495945012,naer:coct-general-frequency
地球,provisional,917,84.00866097892181,250.6851976066881,naer:coct-general-frequency
確實,provisional,918,144.2133461897035,104.8899891183673,naer:coct-general-frequency
部落,provisional,919,68.99421195372064,149.7825291837866,naer:coct-general-frequency
安排,provisional,920,118.6308211980597,60.98255181300423,naer:coct-general-frequency
百,provisional,921,96.52202515857128,55.72867042603771,naer:coct-general-frequency
特色,provisional,922,63.19804707355308,73.50742976229049,naer:coct-general-frequency
開發,provisional,923,75.32632358650645,93.81931048154495,naer:coct-general-frequency
基礎,provisional,924,156.4646919569617,54.69665801074072,naer:coct-general-frequency
房子,provisional,925,123.2042334870686,179.1010637092693,naer:coct-general-frequency
米,provisional,926,100.9882480970565,117.2272284466904,naer:coct-general-frequency
國內,provisional,927,68.30740611518024,51.17843386768278,naer:coct-general-frequency
平常,provisional,928,67.50944095017087,238.5825065545688,naer:coct-general-frequency
引起,provisional,929,145.1701103925256,89.3159835784308,naer:coct-general-frequency
程度,provisional,930,173.6586577761438,97.43135393508445,naer:coct-general-frequency
興趣,provisional,931,135.1657710103186,134.5838008857763,naer:coct-general-frequency
北,provisional,932,78.33556535305921,46.06528144643858,naer:coct-general-frequency
遊客,provisional,933,19.2702632385845,59.90362974246646,naer:coct-general-frequency
女人,provisional,934,280.8757981314077,28.75561866259353,naer:coct-general-frequency
邀請,provisional,935,56.56818724486826,50.66242766003428,naer:coct-general-frequency
正常,provisional,936,113.6405614347922,145.3730215911539,naer:coct-general-frequency
心理,provisional,937,233.2479967154007,66.00188492376688,naer:coct-general-frequency
逐漸,provisional,938,152.7289445924154,85.46939184868747,naer:coct-general-frequency
接著,provisional,939,194.1318237261602,85.32866288296515,naer:coct-general-frequency
感謝,provisional,940,70.10183524246499,116.6643125838011,naer:coct-general-frequency
煮,provisional,941,50.77202236470069,245.4782258749624,naer:coct-general-frequency
照片,provisional,942,99.40819767081908,117.5555960333758,naer:coct-general-frequency
條件,provisional,943,143.3836212171315,85.00029529627976,naer:coct-general-frequency
影片,provisional,944,129.7229339892845,108.4082132614252,naer:coct-general-frequency
空氣,provisional,945,70.80452098478669,184.3080354409951,naer:coct-general-frequency
朝,provisional,946,233.748213684511,32.88366832378151,naer:coct-general-frequency
申請,provisional,947,41.4028791337449,35.18224143057936,naer:coct-general-frequency
阿嬤,provisional,948,21.92220717005843,238.347958278365,naer:coct-general-frequency
公里,provisional,949,65.88175081258956,99.02628221327072,naer:coct-general-frequency
隨著,provisional,950,119.2580773974204,110.1907801605746,naer:coct-general-frequency
太太,provisional,951,183.7106368696946,123.5131222489539,naer:coct-general-frequency
差,provisional,952,93.65570252605005,143.2151774500784,naer:coct-general-frequency
結構,provisional,953,170.0737694975196,94.61677462063808,naer:coct-general-frequency
以來,provisional,954,105.593420193628,63.84404078269135,naer:coct-general-frequency
位置,provisional,955,127.0789300097012,153.4414822925668,naer:coct-general-frequency
農民,provisional,956,60.39127408021166,126.2807919081595,naer:coct-general-frequency
氣,provisional,957,209.3606514524087,68.30045803056474,naer:coct-general-frequency
品質,provisional,958,76.19574831853156,95.32041944924968,naer:coct-general-frequency
分別,provisional,959,100.7063798049388,36.58953108780253,naer:coct-general-frequency
大量,provisional,960,111.865982187234,116.1952160313934,naer:coct-general-frequency
表達,provisional,961,136.5076228798368,69.84847665351023,naer:coct-general-frequency
遊戲,provisional,962,123.1288039441076,91.80219530619176,naer:coct-general-frequency
進,provisional,963,154.0588865340977,80.54387804840636,naer:coct-general-frequency
感受,provisional,964,119.8575437651637,121.8243746602861,naer:coct-general-frequency
垃圾,provisional,965,28.29004858635211,207.4814051299367,naer:coct-general-frequency
平均,provisional,966,54.28545107630911,95.6487870359351,naer:coct-general-frequency
校長,provisional,967,55.12708597671701,76.27509942149607,naer:coct-general-frequency
如今,provisional,968,103.6997416677103,50.47478903907119,naer:coct-general-frequency
旁邊,provisional,969,100.4880311279462,229.2943948168959,naer:coct-general-frequency
責任,provisional,970,117.2929393044868,73.83579734897589,naer:coct-general-frequency
建設,provisional,971,45.8929219279021,36.68335039828408,naer:coct-general-frequency
下來,provisional,972,130.1834511989417,178.5850575016208,naer:coct-general-frequency
美元,provisional,973,107.824546674898,19.6082358906429,naer:coct-general-frequency
提醒,provisional,974,81.90060375195678,97.99426979797373,naer:coct-general-frequency
農業,provisional,975,36.718307518267,167.3267402438354,naer:coct-general-frequency
永遠,provisional,976,178.5536381167236,107.0478332594428,naer:coct-general-frequency
集團,provisional,977,81.18600808179913,8.959744150987545,naer:coct-general-frequency
黑,provisional,978,146.9526295919744,64.54768561130294,naer:coct-general-frequency
死亡,provisional,979,135.4873390618895,85.7508497801321,naer:coct-general-frequency
呈現,provisional,980,105.7125194719876,87.39268771355913,naer:coct-general-frequency
回答,provisional,981,250.8151402734428,43.76670833964072,naer:coct-general-frequency
主題,provisional,982,111.8699521631794,54.60283870025917,naer:coct-general-frequency
取得,provisional,983,101.1867468943226,48.08239662179179,naer:coct-general-frequency
穩定,provisional,984,78.50230434276264,92.03674358239563,naer:coct-general-frequency
豐富,provisional,985,95.9225587908279,134.3023429543316,naer:coct-general-frequency
感動,provisional,986,59.84341739975746,177.0839485339161,naer:coct-general-frequency
雙方,provisional,987,88.1374359620549,23.97083382803474,naer:coct-general-frequency
均,provisional,988,109.6110358502921,12.24342001784162,naer:coct-general-frequency
保持,provisional,989,154.6861427334583,86.40758495350292,naer:coct-general-frequency
數,provisional,990,149.8427720801675,28.70870900735276,naer:coct-general-frequency
狗,provisional,991,142.0576492513945,99.7299270418823,naer:coct-general-frequency
高興,provisional,992,152.6614550013449,156.5844291936986,naer:coct-general-frequency
觀光,provisional,993,17.6624229807298,49.58350558949653,naer:coct-general-frequency
目的,provisional,994,178.3074996081137,85.84466909061366,naer:coct-general-frequency
消費者,provisional,995,58.93429290827913,83.17081874188963,naer:coct-general-frequency
信,provisional,996,223.7597542060853,57.46432766994629,naer:coct-general-frequency
味道,provisional,997,56.08782015548451,247.4015217398341,naer:coct-general-frequency
支,provisional,998,100.559490694962,82.09189667135185,naer:coct-general-frequency
手機,provisional,999,35.94019223298423,84.43737943339049,naer:coct-general-frequency
藥,provisional,1000,99.16602913815454,148.234510560841,naer:coct-general-frequency
